Name,CAS,Phy,Size,Type,Notes,Location,
 -Ade/-His/-Leu/-Trp DO supplement,,S,10g,P,,cabinet by glassware,
1-(3-Dimethylaminopropyl)-3-ethylcarbodiimide hydrochloride,,S,10g,G,,cabinet by glassware,
1-(tert-Butoxycarbonyl)-imidazole,49761-82-2,S,10g,G,two of these,cabinet by glassware,
1-Ethyl-3-(3-dimethylaminopropyl) carbodiimide HCl,25952-53-8,S,5g,G,in package,cabinet by glassware,
2 (4-Toluenlsulfonylhydrazino)ethyl functionalize silica gel,,S,5g,G,,cabinet by glassware,
"2,3,4 Trihydroxy Acetophenone",,S,5g,G,,cabinet by glassware,
"2,3,4 Trihydroxy Acetophone monohydrate 98%",480-66-0,S,10g,P,,cabinet by glassware,
"2,3,4 Trihydroxy Acetophone monohydrate 98%",480-66-0,S,25g,P,,cabinet by glassware,
"2,3-Pyridinedicarboxylic anhydride",699-98-9,S,5g,G,,cabinet by glassware,
"2',4',6'-trihydroxyacetophenone monohydrate 98%",480-66-0,S,10g,P,,cabinet by glassware,
"2,5-Dihydroxybenzoic Acid",490-79-7,S,25g,G,,cabinet by glassware,
"2,5-Dihydroxybenzoic acid",490-79-9,S,10g,P,,cabinet by glassware,
"2,5-Dihydroxybenzoic acid ALDRICH: 14935-7",490-79-9,S,25g,P,,cabinet by glassware,
"2,5-dihydroxy-benzoic acid Spectrum: D2156 ",490-79-9,S,25g,G,,cabinet by glassware,
2-Amino-4-(trifluoromethyl)benzethiol hydrochloride 97%,4274-38-8,S,5g,G,,cabinet by glassware,
2-Amino-4Phosphono-Butyric Acid SIGMA: A1910,,S,1g,G,,cabinet by glassware,
2-Aminoethanethiol hydrochloride Aldrich: 122920,156-57-0,S,25g,G,,cabinet by glassware,
2-Aminoimidazole Sulfate,42383-61-9,S,5g,G,,cabinet by glassware,
2-chloro-CBZ-n-hydroxy-succinimide ester,65853-65-8,S,5g,G,,cabinet by glassware,
2-chlorocicetamide,79-07-2,S,5g,P,,cabinet by glassware,
2-chlorotritylchloride Resin Nova: AZ4736,,S,1.08mg,G,,cabinet by glassware,
2-Deoxy-Glucose,154-17-6,S,1g,P,,cabinet by glassware,
2-mercaptoimidazole,872-35-5,S,5g,G,,cabinet by glassware,
2-Phenoxyethanol,122-99-6,L,250mL,G,,cabinet by glassware,
"3 Amino,1,2,4,Triazole  MP",61-82-5,S,25g,G,,cabinet by glassware,
3-Aminophenylboronic acid monohydrate,206658-89-1,S,1g,G,,cabinet by glassware,
3-Aminophenylboronic acid pinacol ester,210907-84-9,S,1g,G,,cabinet by glassware,
3-Hydroxypicolinic Acid CHEMIKA,874-24-8,S,1g,G,,cabinet by glassware,
3-Nitrophthalic anhydride,641-70-3,S,5g,G,,cabinet by glassware,
4-(2-Aminoethyl)-Benzenesulfonyl Flouride Hydrochloride,,S,40mg,G,,cabinet by glassware,
4-[2-methoxy-4-I-(Fmoc-aminoethyl)-5-nitrophenoxy]-butyric Acid,01-60-0042,S,1g,P,,cabinet by glassware,
4-Aminobutyric Acid,56-12-2,S,25g,P,,cabinet by glassware,
4-dimethylamino butyric acid hydrochloride,69954-66-1,S,5g,P,,cabinet by glassware,
4-Imidazolecarboxylic acid,,S,1g,G,,cabinet by glassware,
4-Iodophenyl Isocyanate Aldrich: 478587,,S,1G ,G,,cabinet by glassware,
4-nitrophthalic anydride,5466-84-2,S,5g,G,,cabinet by glassware,
5-methoxysalicylic Acid,,S,5g,G,,cabinet by glassware,
5-Sulfosalicylic Acid,5965-83-3,S,500g,G,,cabinet by glassware,
5-Sulfosalicylic Acid dihydrate,5965-83-3,S,100g,G,,cabinet by glassware,
Adenine,321-31-2,S,25g,P,two of these,cabinet by glassware,
Adenine hemisulfate dihydrate,321-30-2,S,5g,G,,cabinet by glassware,
Adenosine 5'-triphosphate magnesium salt,74804-12-9,S,100mg,P,,cabinet by glassware,
Affi-gel boronate,25034-58-6,S,5g,G,,cabinet by glassware,
"Agar, High Gel Strength",9002-18-0,S,500g,P,,cabinet by glassware,
Agarose Multi-Purpose BIOLINE,,S,500g,P,,cabinet end of bay 3,
Agarose multipurpose,,S,500g,P,,cabinet by glassware,
"Agarose, AgarPlaque Plus",21403A,S,50g,G,,cabinet by glassware,
"Agarose, low gelling temperature",9012-36-6,S,5g,G,,cabinet by glassware,
"Agarose, Low Melting Point",9012-36-6,S,50g,P,,cabinet by glassware,
Alpha-D-Melibiose Hydrate,585-99-9,S,1g,G,,cabinet by glassware,
"Aluminum Oxide, activated basic",1344-28-1,S,100g,P,,cabinet by glassware,
Aminoquanidine hydrochloride,1937-19-5,S,25g,G,,cabinet by glassware,
Ammonium acetate,631-61-8,S,25g,P,,cabinet by glassware,
Ammonium Bicarbonate 98% pure ACROS ORGANICS,1066-33-7,S,1kg,G,,cabinet end of bay 3,
Ammonium Bicarbonate 99% pure ACROS ORGANICS,1066-33-7,S,1kg,P,,cabinet end of bay 3,
Ammonium Bicarbonate 99% pure ACROS ORGANICS,1066-33-7,S,1kg,P,,cabinet end of bay 3,
Ammonium acetate,,S,500g,P,,cabinet by glassware,
Ammonium bicarbonate SIGMA,1066-33-7,S,25g,P,,cabinet by glassware,
Ammonium Chloride FISHER: A661,12125-02-9,S,500g,P,,cabinet by glassware,
Ammonium Citrate dibasic,3012-65-5,S,100g,P,,cabinet by glassware,
Ammonium dihydrogen-phosphate,7722-76-1,S,100g,P,,cabinet by glassware,
Ammonium formate FLUKA,540-69-2,S,250g,P,,cabinet by glassware,
Ammonium molybdate,13106-76-8,S,5g,G,,cabinet by glassware,
Ammonium Phosphate,7783-28-0,S,100g,P,,cabinet by glassware,
Ammonium Phosphate SIGMA: A1167,7783-28-0,S,100g,P,,cabinet by glassware,
"Ammonium sulfate, granular",7783-20-2,S,2.5kg,P,,cabinet by glassware,
"Ammonium Sulfate, reagent ACS, crystals",7783-20-2,S,1kg,P,,cabinet by glassware,
Ascorbic acid,50-81-7,S,25g,P,,cabinet by glassware,
Baculovirus Agarose,,S,50g,P,,cabinet by glassware,
Benomyl,PS-222,S,100mg,G,in a tin can,cabinet by glassware,
beta-GlyceroPhosphate,819-83-0,S,10g,P,,cabinet by glassware,
beta-GlyceroPhosphate,819-83-0,S,500g,P,,cabinet by glassware,
Bicine,150-25-4,S,250g,P,,cabinet by glassware,
Bio-gel P-6 45-90um wet,25034-58-6,S,100g,P,,cabinet by glassware,
"Biotinylated BSA, 0.1mg No-Weigh",,S,1.2mg,fpo;,"12 tubes, in a envelope",cabinet by glassware,
Bis Tris Propane,64431-96-5,S,25g,G,,cabinet by glassware,
Bis Tris Propane,64431-96-5,S,25g,P,two of these,cabinet by glassware,
Bis-Tris,6976-37-0,S,500g,P,,cabinet by glassware,
Bis-Tris,6976-37-0,S,100g,P,,cabinet by glassware,
Blue Dextran,87915-38-6,S,10g,G,,cabinet by glassware,
Blue Dextran,87915-38-6,S,5g,G,,cabinet by glassware,
Blue Dextran,87915-38-6,S,5g,G,,cabinet by glassware,
Blue Dextran 1g,87915-38-6,S,1g,G,,cabinet by glassware,
Boric acid,10043-35-3,S,1kg,P,,cabinet end of bay 3,
Boric acid gel,41685-84-1,S,5ml,G,,cabinet by glassware,
Brij 20 Oleyl Ether SIGMA: P5641,900409802,S,100g,P,,cabinet by glassware,
Brij 58 Sigma: P5884,9004-95-9,S,100g,P,,cabinet by glassware,
Brij 96,9004-98-2,L,250mL,G,,cabinet by glassware,
Bromophenol Blue,115-39-9,S,5g,G,,cabinet end of bay 3,
Brij 98,9004-98-2,S,500g,G,,cabinet by glassware,
Brilliant Blue,6104-59-2,S,25g,G,,cabinet by glassware,
Bromophenol Blue,115-39-9,S,5g,G,,cabinet by glassware,
Bromphenol Blue,62625-28-9,S,25g,G,,cabinet by glassware,
"Buffer, pH 4",,L,500mL,P,,cabinet end of bay 3,
"Buffer, pH 7",,L,500mL,P,,cabinet end of bay 3,
"Buffer, pH 10",,L,500mL,P,,cabinet end of bay 3,
Bromphenol Blue,62625-28-9,S,25g,G,two of these,cabinet by glassware,
Bromphenol Blue,62625-28-9,S,5g,G,,cabinet by glassware,
BugBuster Protein Extraction Reagent,70584,L,500mL,P,,cabinet by glassware,
BupH Carbonate-Bicarbonate Buffer Packs,,,40 items,,box of 40,cabinet by glassware,
Calcium Chloride dihydrate SIGMA,10035-04-8,S,250g,G,,cabinet end of bay 3,
Caffeine,58-08-2,S,250g,P,two of these,cabinet by glassware,
CAPS,1135-40-6,S,100g,P,,cabinet by glassware,
Cascade Blue biocytin disodium salt,,S,5mg,G,,cabinet by glassware,
Cesium Chloride USB: 13315,7647-17-8,S,100g,G,,cabinet by glassware,
CHAPS,74521-03-3,S,5g,G,two of these,cabinet by glassware,
CHAPS PIERCE:28300,75621-03-3,S,5g,G,,cabinet by glassware,
"Charcoal, Dextran Coate SIGMA C6197",,S,20g,G,,cabinet by glassware,
Chloramine-T,7080-50-4,S,250g,G,,cabinet by glassware,
Cibacron brilliant yellow 3G-P,50662-99-2,S,5g,G,,cabinet by glassware,
Cis-Diammineplatinum(III) dichloride,15663-27-1,S,1g,G,,cabinet by glassware,
Co(III) meso-tetra(o-dichlorophenyl) porphine (sulfonated) ,,S,20mg ,G,,cabinet by glassware,
Cobalt (II) chloride hexahydrate ,7791-13-1,S,25g,G,,cabinet by glassware,
Cobalt Chloride 7791-13-1,7791-13-1,S,100g,G,,cabinet by glassware,
Controlled Pore Glass,CPG-500-AMP,S,5g,G,,cabinet by glassware,
Copper(II) sulfate anhydrous,7758-98-7,S,10g,,in a box,cabinet by glassware,
Cyclohexyl-N'.... FLUKA: 29469,2491-17-0,S,5g,G,,cabinet by glassware,
Cystamine SIGMA C8707,56-17-7,S,100g,G,,cabinet by glassware,
Cystein HCl Monohydrate,52-89-1,S,5g,G,,cabinet by glassware,
D-(-)-salicin,138-52-3,S,5g,P,,cabinet by glassware,
D-(+)-Biotin,58-85-5,S,1g,G,,cabinet by glassware,
D-(+)-Galactose,59-23-4,S,500g,P,,cabinet by glassware,
D-(+)-Galactose,59-23-4,S,100g,G,,cabinet by glassware,
DEAE-650S,,L,250ml,P,,cabinet by glassware,
Detergent Reagent,4890-25-02,L,250ml,P,three of these,cabinet by glassware,
Dextrose,,S,1kg,G,,cabinet by glassware,
"Dextrose, Anhydrous",50-99-7,S,500g,P,,cabinet end of bay 3,
"Dextrose, Anhydrous FISHER",50-99-7,S,500g,G,,cabinet end of bay 3,
D-(+)-Glucose,50-99-7,S,500g,P,,cabinet end of bay 3,
Dichloromaleic anydride ALDRICH: D6500-3,1122-17-4,S,5g,G,,cabinet by glassware,
Diethyl malonimidate,10344-69-1,S,5g,G,,cabinet by glassware,
Diethylene triamine penta acetic acid,67-43-6,S,5g,G,In a tin plate,cabinet by glassware,
Digitonin,11024-24-1,S,5g,G,,cabinet by glassware,
Dimethyl decylphosphine Oxide,,S,1g,G,,cabinet by glassware,
D-Lactose-1-(C-13) – H2O,605328,S,100mg,G,,cabinet by glassware,
DL-Serine,302-84-1,S,100g,P,,cabinet by glassware,
"D-Mannitol, SigmaUltra",69-65-8,S,1kg,P,,cabinet by glassware,
D-Panose,33401-87-5,S,50mg,G,,cabinet by glassware,
Drierite 10-20 mesh,,S,500g,G,,cabinet by glassware,
Drierite with indicator 4 mesh ACROS,7778-18-9,S,10kg,P,large bucket,cabinet by glassware,
Drystrip Cover Fluid,17133501,L,1L,G,two of these,cabinet by glassware,
D-Sorbitol Sigma: S7547,50-70-4,S,1kg,P,,cabinet by glassware,
"EDTA, Disodium, Dihydrate",6381-92-6,S,5kg,P,,cabinet end of bay 3,
EDTA Tetrasodium Salt Electrophoresis Grade FISHER,10378-23-1,S,500g,G,,cabinet end of bay 3,
Eletrophoresis Purity Reagent Bromophenol Blue,115-39-9,S,10g,G,,cabinet by glassware,
Ethanolamine,2002-24-6,S,100g,P,,cabinet by glassware,
Ethanolamine-HCl (ACROS),2002-24-6,S,250g,G,,cabinet by glassware,
Ethylene Glycol ,107-21-1,L,250mL,G,,cabinet by glassware,
Ethylene Glycol-bis-NNN'N' tetraacetic Acid FLUKA: 03778,67-42-5,S,50g,G,,cabinet by glassware,
Fe(III) meso-Tetra (o-Dichlorophenyl) Porphine (Sulfonate) Chloride,,S,20mg,G,,cabinet by glassware,
Ferric Chloride,7705-08-0,S,100g,P,,cabinet by glassware,
Ferrous Sulfate,7782-63-0,S,250g,P,,cabinet by glassware,
Ficoll,26873-85-8,S,25g,P,,cabinet by glassware,
Ficoll 400,17-0400-01,P,100g,P,,cabinet by glassware,
Fluoromount G,0100-01,L,25ml,G,two of these,cabinet by glassware,
Fmoc-Asp-otBu,A24591,S,1g,P,,cabinet by glassware,
Fmoc-His(Mtt)-OH,A27397,S,1g,P,,cabinet by glassware,
Gallium(III) nitrate hydrate,69365-72-6,S,5g,P,,cabinet by glassware,
Gelatin,9000-70-8,S,100g,P,,cabinet by glassware,
Gelatin Difco,214340,S,500g,P,,cabinet by glassware,
"Gelatin, cold water fish ski",,S,100g,P,,cabinet by glassware,
GelFree 8100 Running Buffer,42201,L,,P,,cabinet by glassware,
Gentisic Acid ,490-79-9,S,50g,G,,cabinet by glassware,
Gentisic Acid TCI: 0569,,S,25g,G,two of these,cabinet by glassware,
Glass  Beads Solid 4mm 1lb/pk,,S,1lb,P,,cabinet by glassware,
Glass beads 425-600 microns,,S,500g,P,,cabinet by glassware,
Glass beads 425-600 microns,,S,100g,P,two of these,cabinet by glassware,
Glycinamide hydrochloride,1668-10-6,S,25g,P,,cabinet by glassware,
Glycine methyl ester hydrochloride,5680-79-5,S,100g,P,,cabinet by glassware,
Glycyl-glycine,556-50-3,S,100g,P,,cabinet by glassware,
Glycine 98% ACROS,56-40-6,S,250g,G,,cabinet end of bay 3,
Glycyl-glycine,556-50-3,S,100g,P,,cabinet by glassware,
Guanidine hydrochloride,50-01-1,S,500g,P,,cabinet by glassware,
Guanidine hydrochloride,50-01-1,S,1kg,P,,cabinet by glassware,
Guanidine SIGMA,50-01-1,S,100g,P,,cabinet end of bay 3,
Guanidine HCl,50-01-1,S,500g,G,,cabinet end of bay 3,
Guanidine HCl 99.5% without anticaking agent,50-01-1,S,2.5kg,P,,cabinet end of bay 3,
Guanidine thiocyanate,50990,S,1kg,P,,cabinet by glassware,
HEPES hemisodium buffer packs,,S,pack,Box,,cabinet by glassware,
HEPES SIGMA: H3375,7365-45-9,S,25g,P,,cabinet by glassware,
Hexadecyltrimethylammonium Bromide,57-09-0,S,25g,G,,cabinet by glassware,
H-His-OH,A15016,S,25g,P,,cabinet by glassware,
Hydroxylamine HCl,5470-11-1,S,5g,G,,cabinet by glassware,
IGEPAL CA-630,9036-19-5,L,50ML,G,,cabinet by glassware,
Imidazole,288-32-4,S,100g,G,,cabinet by glassware,
Imidazole UTROL,288-32-4,S,25g,G,In a tin,cabinet by glassware,
ImmunoPure HABA PIERCE: 28010,1634-82-8,S,10g,G,,cabinet by glassware,
Iodomethyl (Trimethylammonium Iodide) SIGMA,,S,1g,G,,cabinet by glassware,
Iron (III) sulfate pentahydrate,,S,5g,P,,cabinet by glassware,
Isoniazid,54-85-3,S,5g,P,,cabinet by glassware,
Kasil #1,,L,500mL,P,,cabinet by glassware,
Lactitol monohydrate ALDRICH 368695,,S,1g,G,,cabinet by glassware,
Lactobionic acid,,S,25g,G,,cabinet by glassware,
Lactulose Fluka: 61360,4618-18-2,S,5g,G,,cabinet by glassware,
Lanthanum Chloride heptahydrate,10025-84-0,S,25g,P,,cabinet by glassware,
L-Arginine,74-79-3,S,25g,P,,cabinet by glassware,
L-Aspartic Acid,,S,100g,G,,cabinet by glassware,
L-Cysteine Hydrochloride Monohydrate,7048-04-6,S,100g,G,,cabinet by glassware,
L-Cysteine-HCl-H2O,7048-04-6,S,5g,G,,cabinet by glassware,
L-Cystine ,56-89-3,S,100g,G,,cabinet by glassware,
L-Cystine DimethylEster SIGMA: C8880,32854-09-4,S,10g,P,,cabinet by glassware,
Laurel Sulfate SIGMA,151-21-3,S,250g,P,,cabinet end of bay 3,
LE Agarose (GenePure),E-3120,S,,P,two of these,cabinet by glassware,
-Leu/-Trp DO Supplement,,S,10g,P,,cabinet by glassware,
L-Glutamine ICN: 194678,56-85-9,S,25g,P,,cabinet by glassware,
L-Histidine HCl*H2O,5934-29-2,S,25g,P,,cabinet by glassware,
L-Histidine monohydrate FISHER,5934-29-2,S,100g,G,,cabinet by glassware,
Lidocaine hydrochloride,73-78-9,S,100g,G,two of these,cabinet by glassware,
L-Isoleucine SIGMA,,S,25g,P,,cabinet by glassware,
Lithium Acetate,6108-17-4,S,250g,P,,cabinet by glassware,
Lithium Chloride,7447-41-8,S,500g,P,,cabinet by glassware,
Lithium Chloride,7447-41-8,S,500g,G,,cabinet by glassware,
L-Leucine,61-90-5,S,25g,P,three of these,cabinet by glassware,
L-Leucine,61-90-5,S,100g,G,,cabinet by glassware,
L-Methionine,,S,25g,P,,cabinet by glassware,
L-Phenylalanine,,S,25g,P,,cabinet by glassware,
L-Threonine,,S,25g,G,,cabinet by glassware,
L-Tryptophan FISHER,73-22-3,S,100g,G,,cabinet by glassware,
L-Tryptophan SIGMA,73-22-3,S,25g,P,,cabinet by glassware,
L-Tryptophan SIGMA,73-22-3,S,25g,P,,cabinet by glassware,
L-Tryptophan SIGMA,73-22-3,S,100g,P,,cabinet by glassware,
L-Tyrosine,T-3754,S,100g,P,,cabinet by glassware,
L-Tyrosine,T1020,S,50g,P,,cabinet by glassware,
Magnesium Acetate,16674-78-5,S,250g,P,,cabinet by glassware,
Magnesium chloride hexahydrate,7791-18-6,S,100g,P,,cabinet by glassware,
Magnesium sulfate heptahydrate SIGMA: M7774,10034-99-8,S,500g,P,,cabinet by glassware,
"Magnesium Acetate tetrahydrate, pure crystalline ACROS",16674-78-5,S,250g,P,,cabinet end of bay 3,
Magnesium chloride anhydrous,7786-30-3,S,100g,G,,cabinet end of bay 3,
Maleic anhydride,108-31-6,S,25g,P,,cabinet by glassware,
Maltitol fluka: 63415,585-88-6,S,50g,G,,cabinet by glassware,
Maltose,6363-53-7,S,100g,P,,cabinet by glassware,
Maltulose monohydrate ALDRICH: 38356-2,,S,1g,G,,cabinet by glassware,
Manganous chloride 4-hydrate,13446-34-9,S,500g,P,,cabinet by glassware,
"Mebhydroline 1,5-napthalenedisulfonate",6153-33-9,S,1g,P,,cabinet by glassware,
Melezitose hydrate ALDRICH: 85032-3,,S,1g,G,,cabinet by glassware,
MES (2-[N-Morpholino)ethanesulfonic acid) Hydrate,4432-31-9,S,500g,P,,cabinet by glassware,
methyl 1-(butylcarbamoyl)2-benzimidazolecarbamate,17804-35-2,S,5g,G,,cabinet by glassware,
methyl 1-(butylcarbamoyl)-2-benz-imidazolecarbamate,17804-35-2,S,5g,G,,cabinet by glassware,
Methyl alpha-D-lucopyranoside,97-30-3,S,100g,P,,cabinet by glassware,
Methyl alpha-D-mannopyranoside,617-04-9,S,25g,P,,cabinet by glassware,
Methyl alpha-D-mannopyranoside,617-04-9,S,25g,P,,cabinet by glassware,
"Methyl Green, zinc chloride salt",7114-03-6,S,10g,G,,cabinet by glassware,
methyl methanesulfonate,66-27-3,L,25g,G,,cabinet by glassware,
Methyl Sulfoxide,67-68-5,L,250mL,G,,cabinet by glassware,
Methylcellulose Lab Grade,9004-67-5,S,100g,P,,cabinet by glassware,
Methylene Blue,61-73-4,S,2.5 g,G,,cabinet by glassware,
Methyliminodiacetic Acid,4408-64-4,S,25g,P,,cabinet by glassware,
Methyl-_-cyclodextrin,128446-36-6,S,5g,G,,cabinet by glassware,
Milk - instant nonfat dry CARNATION,,S,725g,P,in a box,cabinet by glassware,
Milk - national nonfat dry SAFEWAY,,S,272g,P,in a box,cabinet by glassware,
MgCl  FISHER,7791-18-6,S,500g,P,,cabinet end of bay 3,
Minimal SD base,,S,26.7g,P,,cabinet by glassware,
Mn(III) meso-tetra (0-dichlorophenyl) porphine (sulfonate) chloride,,S,20mg,G,,cabinet by glassware,
molecular sieves,,S,500g,G,,cabinet by glassware,
Molecular sieves ,70955-01-0,S,1kg,P,,cabinet by glassware,
Molecular sieves ,,S,250g,P,,cabinet by glassware,
Myo-inositol,87-89-8,S,50g,P,,cabinet by glassware,
"N,N,N',N'-Tetra-methyl-ethylenediamine",,L,5mL,G,,cabinet by glassware,
MOPS SIGMA,1132-61-2,S,250g,P,,cabinet end of bay 3,
"N,N-Dimethylglycine",1118-68-9,S,5g,G,,cabinet by glassware,
"N,N-Dimethylglycine Hydrochloride",2491-06-7,S,5g,G,,cabinet by glassware,
"N,N'-Methylene-bis-acrylamide",161-0200,S,5g,P,,cabinet by glassware,
N.N'-DiaCryloylpiperazine,6342-17-2,S,10g,G,,cabinet by glassware,
N-Dodecane,112-40-3,L,100ml,G,,cabinet by glassware,
Nickel(II) sulfate hepthydrate,10101-98-1,S,10g,P,,cabinet by glassware,
n-Octyl-beta-D-glucopyranoside,29836-26-8,S,,P,,cabinet by glassware,
n-Octyl-beta-D-glucopyranoside,29836-26-8,S,5g,G,,cabinet by glassware,
NZY Broth,,S,500g,P,,cabinet by glassware,
Octyl-beta-glucoside,29836-26-8,S,1g,G,,cabinet by glassware,
O-methylisourea hemisulfate ACROS,52328-05-9,S,25g,P,two of these,cabinet by glassware,
O-methylisourea hydrogen sulfate ALDRICH: M5320,29427-58-5,S,5g,G,,cabinet by glassware,
O-methylisourea Sulfate Salt,29427-58-5,S,25g,G,,cabinet by glassware,
O-phospho-L-Threonine,1114-81-4,S,1g,G,,cabinet by glassware,
Orange G,193675-8,S,2.5g,P,,cabinet by glassware,
Oregon Green,,S,5mg,G,,cabinet by glassware,
Oxalie dihydrazide,996-98-5,S,5g,P,,cabinet by glassware,
Palatinose hydrate ALDRICH: 85151,58024-13-8,S,1g,G,,cabinet by glassware,
PBS Tablets,2810305,S,100 tablets,P,,cabinet by glassware,
Pepsin,9001-75-6,S,25g,P,,cabinet by glassware,
Phenol Red,143-74-8,S,5g,S,,cabinet by glassware,
Phenylphosphate Disodium Salt,3279-54-7,S,25g,P,,cabinet by glassware,
Phytic Acid,14306-25-3,S,10g,G,,cabinet by glassware,
Pipes,5625-37-6,S,10g,P,,cabinet by glassware,
PMSF,329-98-6,S,5g,P,,cabinet by glassware,
Poly(allylamine hydrochloride) ,71550-12-4,S,5g,G,,cabinet by glassware,
Poly(propylene glycol),25322-69-4,S,5g,G,,cabinet by glassware,
Poly(propyline glycol),,S,5g,G,,cabinet by glassware,
Polyethylene glycol,25322-68-3,L,500g,P,,cabinet by glassware,
Polyethylene glycol,25322-68-3,S,500g,P,three of these,cabinet by glassware,
Polyethylene glycol 6000,,S,500g,P,,cabinet by glassware,
Polyl Sulfoethyl A,BMSE0503,S,1g,P,,cabinet by glassware,
Polyoxyethylenesorbitan monolaurate,17-1316-01,L,100mL,P,,cabinet by glassware,
Polyoxyethylenesorbitan monolaurate,17-1316-01,L,500mL,P,two of these,cabinet by glassware,
Polysucrose sigma: P7798,26873-85-8,S,100g,P,,cabinet by glassware,
Polyvinyl Alcohol,9002-89-5,S,250g,P,two of these,cabinet by glassware,
Polyvinyl Pyrrolidone,9003-39-8,S,100g,P,,cabinet by glassware,
Ponceau S Sigma: P3504,6226-79-5,S,50g,G,,cabinet by glassware,
Poros 20 AL,1-6029-06,S,50ml,P,,cabinet by glassware,
Poros 20 EP cpoxy activated affinity,1770357,S,5g,P,,cabinet by glassware,
Poros 20 MC,1-5428-02,S,2.5ml,P,,cabinet by glassware,
Potassium Carbonate,584-08-7,S,1kg,P,,cabinet end of bay 3,
Potassium Carbonate,584-08-7,S,1kg,P,,cabinet by glassware,
"Potassium Carbonate Anhydrous, Granular",584-08-7,S,500g,G,,cabinet by glassware,
Potassium chloride,,S,10g,P,,cabinet by glassware,
Potassium Chloride SIGMA,7447-40-7,S,500g,P,,cabinet end of bay 3,
Potassium chloride FISHER,7447-40-7,S,3kg,P,,cabinet end of bay 3,
Potassium chloride SIGMA,7447-40-7,S,1kg,P,,cabinet end of bay 3,
"Potassium Chloride, saturated",7447-40-7,L,30mL,P,dropper bottle,cabinet end of bay 3,
Potassium chloride 0.1M ,,L,10ml,P,dropper bottle,cabinet by glassware,
Potassium hydroxide certified ACS pellets FISHER,1310-58-3,S,1kg,P,,cabinet by glassware,
Potassium permanganate,7722-64-7,S,500g,G,,cabinet by glassware,
Potassium Phosphate,7778-77-0,S,500g,P,,cabinet by glassware,
Potassium Phosphate Monobasic HPLC Grade,7778-77-0,S,1kg,G,,cabinet end of bay 3,
Potassium tetrathionate sigma: P2926,13932-13-3,S,100g,G,,cabinet by glassware,
Potassium tetrathionate sigma: P2926,13932-13-3,S,100g,G,two of these,cabinet by glassware,
Printed circuit material,22-246,L,15.5g,G,,cabinet by glassware,
Protamine sulfate,,S,10g,G,,cabinet by glassware,
Pyridoxine dichloride,524-36-7,S,5g,P,,cabinet by glassware,
Raffinose pentahydrate,17629-30-0,S,25g,P,,cabinet by glassware,
Raffinose pentahydrate,17629-30-0,S,25g,P,,cabinet by glassware,
RBS pF Detergent THERMO,,L,1kg,P,,cabinet by glassware,
Rubidium chloride,7791-11-9,S,50g,P,,cabinet by glassware,
Saccharin ALDRICH: 240931,81-07-2,S,1g,G,,cabinet by glassware,
Salicylic Acid,54-21-7,S,500g,G,,cabinet by glassware,
Saponin,8047-15-2,S,25g,G,,cabinet by glassware,
Sephadex G-10,,S ,100g,P,,cabinet by glassware,
Sephadex G-100,9050-94-6,S ,10g,P,,cabinet by glassware,
Sephadex G-25,9041-35-4,S,10g,P,,cabinet by glassware,
Silica Gel,112926-00-8,S,1kg,P,,cabinet by glassware,
skim milk powder,,S,500g,P,,cabinet by glassware,
"Sodium Acetate, anhydrous  JT BAKER",127-09-3,S,500g,P,,cabinet end of bay 3,
"Sodium Acetate, anhydrous SIGMA",127-09-3,S,1kg,P,,cabinet end of bay 3,
Sodium Acetate 99+% A.C.S. reagent,127-09-3,S,5g,G,,cabinet end of bay 3,
Sodium Acetate,127-09-3,S,5g,G,,cabinet by glassware,
Sodium bicarbonate,144-55-8,S,500g,P,,cabinet by glassware,
Sodium bicarbonate ,144-55-8,S,500g,P,,cabinet by glassware,
Sodium bicarbonate BAKER ANALYZED,144-55-8,S,2.5kg,G,,cabinet by glassware,
Sodium bisulfite ,07631-90-5,S,500g,P,,cabinet by glassware,
Sodium Carbonate,497-19-8,S,500g,P,,cabinet by glassware,
"Sodium Carbonate, decahydrate",6132-02-1,S,250g,P,,cabinet by glassware,
Sodium Chloride EMD,7647-14-5,S,500g,P,,cabinet end of bay 3,
Sodium Chloride FISHER,7647-14-5,S,3kg,P,,cabinet end of bay 3,
Sodium Citrate,,S,500g,P,,cabinet by glassware,
Sodium Citrate FISHER,6132-04-3,S,500g,P,,cabinet end of bay 3,
Sodium Citrate tribasic dihydrate,6132-04-3,S,1kg,G,,cabinet by glassware,
Sodium deoxycholate,302-95-4,S,100g,P,,cabinet by glassware,
Sodium Dodecyl Sulfate FISHER,151-21-3,S,500g,P,,cabinet end of bay 3,
Sodium Dodecyl Sulfate SIGMA,151-21-3,S,500g,P,,cabinet end of bay 3,
Sodium Dodecyl Sulfate SIGMA,151-21-3,S,10g,P,,cabinet end of bay 3,
Sodium fluoride,7681-49-4,S,100g,G,,cabinet by glassware,
"Sodium hydroxide, pellets ACROS",1310-73-2,S,1kg,P,,cabinet end of bay 3,
Sodium Iodide,,S,250g,P,,cabinet by glassware,
Sodium meta periodate,7790-28-5,S,25g,G,,cabinet by glassware,
Sodium meta periodate,7790-28-5,S,25g,G,,cabinet by glassware,
Sodium meta-bisulfite,7681-57-4,S,500g,G,,cabinet by glassware,
Sodium molyodate ,10102-40-6,S,100g,G,,cabinet by glassware,
Sodium N-lauroylsarcosinate,137-16-6,S,25g,G,,cabinet by glassware,
Sodium orthovanadate,13721-39-6,S,5g,G,,cabinet by glassware,
"Sodium orthovanadate, minimum 90%",13721-39-6,S,10g,P,,cabinet by glassware,
"Sodium orthovanadate, minimum 95%",13721-39-6,S,10g,G,,cabinet by glassware,
"Sodium orthovanadate, minimum 95%",13721-39-6,S,10g,G,,cabinet by glassware,
Sodium periodate,7790-28-5,S,5g,G,,cabinet by glassware,
"Sodium phosphate dibasic, anhydrous reagent AOS",7558-79-4,S,500g,P,,cabinet end of bay 3,
Sodium phosphate monobasic monohydrate ACROS,10049-21-5,S,500g,P,,cabinet end of bay 3,
Sodium phosphate monobasic monohydrate ACROS,10049-21-5,S,500g,P,,cabinet end of bay 3,
Sodium pyrophosphate decahydrate,13472-36-1,S,100g,P,,cabinet by glassware,
Sodium sulfate,7757-82-6,S,1kg,G,,cabinet by glassware,
Sodium Sulfate ,7757-82-6,S,500g,P,,cabinet by glassware,
Sodium tetraborate decahydrate Sigma; B3545,1303-96-4,S,500g,P,,cabinet by glassware,
Sodium Thiocyanate,540-72-7,S,500g,G,,cabinet by glassware,
Sodium thiosulfate,7772-98-7,S,250g,P,,cabinet by glassware,
Sodium thiosulfate SIGMA,10102-17-7,S,500g,P,,cabinet end of bay 3,
Sodium thiosulfate 5-hydrate,10102-17-7,S,500g,P,,cabinet by glassware,
Sodium thiosulfate 5-hydrate,,S,500g,P,,cabinet by glassware,
Spermidine free Base,,L,5g,G,,cabinet by glassware,
Stannous chloride,10025-69-1,S,500g,P,,cabinet by glassware,
Succinic Acid,110-15-6,S,500g,P,,cabinet by glassware,
Succinic anhydride,108-30-5,S,100g,P,,cabinet by glassware,
Sucrose EMD,57-50-1,S,500g,P,,cabinet end of bay 3,
Sucrose SIGMA,57-50-1,S,1kg,P,,cabinet end of bay 3,
Sulfometron Methyl,,S,100mg,G,two of these,cabinet by glassware,
Table Salt  SAFEWAY,,S,64oz,box,,cabinet by glassware,
Tartrazine,,S,100g,P,,cabinet by glassware,
Taurine 99%,107-35-7,S,10g,P,,cabinet by glassware,
"Taurocholic acid, sodium salt hydrate",145-42-6,S,2.5g,G,,cabinet by glassware,
Thiourea,62-56-6,S,500g,P,,cabinet by glassware,
Toluene sulfonic acid monohydrate,6192-52-5,S,100g,P,,cabinet by glassware,
Trichlorooxo-bis(tripheyl-phosphine)rhenium(V),17442-18-1,S,1g,G,,cabinet by glassware,
Tricine,5704-04-1,S,100g,P,,cabinet by glassware,
Tricine SIGMA,5704-04-1,S,1kg,P,,cabinet end of bay 3,
Triethanolamine,102-71-6,L,100ml,P,,cabinet by glassware,
Triethanolamine,102-71-6,L,100ml,P,,cabinet by glassware,
Triethanolamine-HCl (ACROS),637-39-8,S,500g,G,,cabinet by glassware,
Tris Base FISHER,77-86-1,S,500g,P,,cabinet end of bay 3,
Tris Base FISHER,77-86-1,S,500g,P,,cabinet end of bay 3,
Tris(2-carboxyethyl) phosphine hydrochloride,,S,10g,G,,cabinet by glassware,
Tris(hydroxymethyl)aminomethane hydrochloride buffer substance pH 9.0,,S,100g,P,,cabinet by glassware,
Triton X-100 SIGMA,9002-93-1,L,500ml,P,,cabinet by glassware,
Triton X-100 SIGMA,9002-93-1,L,500ml,P,,cabinet by glassware,
Trizma base,77-86-1,S,5kg,P,bucket w/red lid,cabinet end of bay 3,
Tryptone broth,,S,,P,,cabinet by glassware,
Tween 20,,L,500ml,G,,cabinet by glassware,
Uracil ACROS,66-22-8,S,25g,P,,cabinet by glassware,
Uracil SIGMA,66-22-8,S,25g,P,,cabinet by glassware,
Uracil SIGMA,66-22-8,S,25g,P,,cabinet by glassware,
Urea,57-13-6,S,2.5kg,P,,cabinet end of bay 3,
Urea,57-13-6,S,2.5kg,P,,cabinet end of bay 3,
Xylene cyanol    ,2650-17-1,S,10g,G,,cabinet by glassware,
Xylene cyanol FF,2650-17-1,S,10g,G,,cabinet by glassware,
Xylene cyanol FF,2650-17-1,S,10g,G,,cabinet end of bay 3,
Yeast nitrogen base w/o amino acids,,S,100g,P,,cabinet by glassware,
Ytterbium (III) trifluoromethane sulfonate hydrate,,S,5g,G,,cabinet by glassware,
Zinc,,S,10g,G,,cabinet by glassware,
Zinc sulfate,7446-20-0,S,100g,P,,cabinet by glassware,
Zinc sulfate heptahydrate,,S,125g,P,,cabinet by glassware,
Zwitterion detergent,,S,5g,G,,cabinet by glassware,
_-Lactose Sigma: L3750,5965-66-2,S,100g,P,,cabinet by glassware,
Bovine Serum Albumin (Fract V),9048-46-8,S,100g,G,,left fridge of bay 1,
Hydrogen Peroxide,7722-84-1,L,100ml,P,two of these,left fridge of bay 1,
Dithiothreitol,3483-12-3,S,5g,G,,left fridge of bay 1,
Anti-human IgG,,L,0.5mg (1ml),G,,left fridge of bay 1,
Deuterium oxide,7789-20-0,L,10g,G,,left fridge of bay 1,
Ficin,9001-33-6,S,25g,G,,left fridge of bay 1,
Chymotrypsin-TLCK treated,,S,1g,G,,left fridge of bay 1,
Trypsin-TPCK treated,,S,1g,G,,left fridge of bay 1,
"Phosphatase, alkaline",,,,P,"blue container, cap",left fridge of bay 1,
Trypsin-TPCK treated,,S,500mg,G,,left fridge of bay 1,
Chymotrypsin-TLCK treated,,S,100mg,G,two of these,left fridge of bay 1,
Elastase,,S,100mg,G,,left fridge of bay 1,
Lysozyme from chicken egg white,12650-88-3,S,25g,P,,left fridge of bay 1,
"Albumin, bovine serum, Fraction V",9048-46-8,S,100g,P,,left fridge of bay 1,
Papain,9001-73-4,S,100g,G,,left fridge of bay 1,
Pepsin,9001-75-6,S,100g,P,,left fridge of bay 1,
L-Lysine:2HCl,,S,100mg,Box,,left fridge of bay 1,
L-Arginine:HCl,204633-95-4,S,100mg,Box,,left fridge of bay 1,
Hydrogen Peroxide solution,7722-84-1,L,500ml,P,,left fridge of bay 1,
L-Tryptophan,73-22-3,S,100g,P,two of these,left fridge of bay 1,
Protien G Sepharose,,L,200ml,P,,left fridge of bay 1,
Glutathione,70-18-8,S,25g,P,,left fridge of bay 1,
Iodoacetic Acid,64-69-7,S,10g,G,three of these,left fridge of bay 1,
Iodoacetic Acid,64-69-7,S,50g,G,,left fridge of bay 1,
"Myoglobin, from equine heart",100684-32-0,S,1g,G,,left fridge of bay 1,
Iodoacetamide,,S,25g,G,,left fridge of bay 1,
"Dimethyl Pimelimidate, Dihydrochloride",58537-31-3,S,5g,G,,left fridge of bay 1,
"D-Ribulose 1,5-diphosphate carboxylase, from spinach",9027-23-0,S,,P,,left fridge of bay 1,
"Albumin from chicken white, Grade VI",9006-59-1,S,,P,,left fridge of bay 1,
"Cytochrome C, from horse heart",9007-43-6,S,250mg,G,,left fridge of bay 1,
"Myoglobin, from equine heart",100684-32-0,S,500mg,G,,left fridge of bay 1,
"Ribonuclease A, from bovine pancreas",9001-99-4,S,250mg,G,,left fridge of bay 1,
alpha-Casein from bovine milk,9000-71-9,S,100mg,P,,left fridge of bay 1,
"Fetuin, from fetal calf serum",9014-81-7,S,250mg,G,,left fridge of bay 1,
"Transferrin human, minimum 98%",11096-37-0,S,25mg,G,,left fridge of bay 1,
"Ribonuclease B, from bovine pancreas",9001-99-4,S,100mg,P,,left fridge of bay 1,
Pepstatin A,26305-03-3,S,100mg,G,,left fridge of bay 1,
"Transferrin human, >= 98%",11096-37-0,S,25mg,G,,left fridge of bay 1,
beta-Casein,9000-71-9,S,1g,G,,left fridge of bay 1,
BM-Cyclin,,S,250mg,G,two of these,left fridge of bay 1,
ESI-L low concentration tuning mix,,L,100ml,P,two of these,left fridge of bay 1,
ES tuning mix,,L,100ml,P,,left fridge of bay 1,
Iodoacetamide,,S,25g,G,,left fridge of bay 1,
TCEP HCl,51805-45-9,S,1g,G,,left fridge of bay 1,
Cleland's Reagent,,S,,G,,left fridge of bay 1,
"Albumin, from chicken egg white",9006-59-1,S,10g,P,,left fridge of bay 1,
Trypsin-TPCK treated,,S,1g,G,,left fridge of bay 1,
"Albumin bovine serum, min 99%",9048-46-8,S,100mg,P,,left fridge of bay 1,
L-Norleucine,327-57-1,S,1g,P,,left fridge of bay 1,
"beta-Galactosidase, Grade VIII, from E. Coli",9031-11-2,S,,G,,left fridge of bay 1,
"[Glu1]-Fibrinopeptide B, Human; Synthetic",103213-49-6,L,1mg,G,,left fridge of bay 1,
Formix Acid,64-18-6,L,250ml,P,twelve of these,right fridge of bay 1,
ESI-L low concentration tuning mix,,L,100ml,P,,right fridge of bay 1,
Tuning solution,,L,,P,,right fridge of bay 1,
Reserpine 0.167 pmole/uL,,L,,P,,right fridge of bay 1,
Imperial Protein Stain,,L,1L,P,,right fridge of bay 1,
"Acetic Acid, Glacial",64-19-7,L,500ml,G,,acid cabinet in mass spec room,
Trifluoroacetic Acid,76-05-1,L,500ml,G,three of these,acid cabinet in mass spec room,
Hydrochloric Acid,7732-18-5,L,500ml,P,,acid cabinet in mass spec room,
Sulfuric Acid,7664-93-9,L,500ml,G,,acid cabinet in mass spec room,
"Hydrochloric Acid, 5N Volumetric Solution",7647-01-0,L,1L,P,,acid cabinet in mass spec room,
Dimethyl Sulfoxide,67-68-5,L,950ml,G,,yellow cabinet in mass spec room,
Acetic anhydride,108-24-7,L,250ml,G,,yellow cabinet in mass spec room,
Acetyl chloride,75-36-5,L,100ml,G,,yellow cabinet in mass spec room,
Formamide,75-12-7,L,250ml,G,,yellow cabinet in mass spec room,
KASIL 1 Potassium Silicate,1312-76-1,L,about 1L,P,,yellow cabinet in mass spec room,
"Ammonium hydroxide solution, ACS REAGENT",1336-21-6,L,500ml,G,,+4.45 fridge,
Albumin from bovine serum,9048-46-8,S,50g,P,,+4.45 fridge,
Bio-Rad Protein Assay Dye Reagent Concentrate,7664-38-2,L,450ml,P,,+4.45 fridge,
"Ammonium hydroxide solution, ACS REAGENT",1336-21-6,L,500ml,P,,+4.45 fridge,
"Aniline, 99.5+%, A.C.S. reagent",62-53-3,L,100g,G,,+4.45 fridge,
"Bathophenanthroline, Sulfonated, Sodium salt, reagent",53744-42-6,S,1g,G,,+4.45 fridge,
AN UNLABELED BOTTLE,,S,,G,,+4.45 fridge,
Ellman's Reagent,69-78-3,S,5g,G,,+4.45 fridge,
Diethyl Pyrocarbonate,1609-47-8,L,25ml,G,,+4.45 fridge,
Catalase,,L,,G,,+4.45 fridge,
Bovine Serum Albumin (Fract V) (Heat Shock Treated),9048-46-8,S,100g,G,,+4.45 fridge,
Bio-Rad Protein Assay Dye Reagent Concentrate,7664-38-2,L,450ml,P,,+4.45 fridge,
CNBr,,,,G,,+4.45 fridge,
"Ammonium Hydroxide, 28-30% (ACS)",1336-21-6,L,500ml,P,,+4.45 fridge,
SuperBlock Blocking Buffer in PBS,,L,1L,P,,+4.45 fridge,
Ammonium hydroxide solution,1336-21-6,L,100ml,G,,+4.45 fridge,
Bovine Serum Albumin (Fract V) (Heat Shock Treated),9048-46-8,S,100g,G,,+4.45 fridge,
"Albumin, bovine serum, Fraction V",9048-46-8,S,10g,P,,+4.45 fridge,
"Boc-D-Tyr-OMe, Boc-D-tyrosine methyl ester, 99% (HPLC)",76757-90-9,S,25g,P,,+4.45 fridge,
"Albumin, from bovine serum",9048-46-8,S,10g,P,,+4.45 fridge,
EAH Sepharose 4B,17-0569-01,L,50ml,P,,+4.45 fridge,
Boc-Lys-OH,13734-28-6,S,25g,P,,+4.45 fridge,
"DL-1,4-Dithiothreitol 99%",3483-12-3,S,5g,G,,+4.45 fridge,
"Boc-Lys-OMe AcOH, Boc-L-lysine methyl ester acetate salt, >99% (TLC)",,L,5g,G,,+4.45 fridge,
"1,4-Diazabicyclo[2.2.2]octane",280-57-9,S,25g,G,,+4.45 fridge,
Collagenase Type I,9001-12-1,S,1g,G,,+4.45 fridge,
Copper(II) sulfate pentahydrate,7758-99-8,S,10g,P,,+4.45 fridge,
Cycloheximide,,S,5g,G,,+4.45 fridge,
Anglotensin I human acetate hydrate,70937-97-2,,1mg,G,,+4.45 fridge,
Dabsyl chloride,,,500mg,G,in a bag,+4.45 fridge,
Cellection Biotin Binder kit,,,,,"two of these, in a box",+4.45 fridge,
Blue Dexitran 2000,,L,500mg,P,,+4.45 fridge,
Myo,,L,10mg,P,,+4.45 fridge,
IAA,,L,500mM,P,,+4.45 fridge,
Phenyl Sepharose,,L,200MG,P,,+4.45 fridge,
"D-(-)-Ribose, minimum 99%",50-69-1,S,25g,P,,+4.45 fridge,
"Albumin, Bovine (BSA)",9048-46-8,S,,P,,+4.45 fridge,
"Albumin, Human Serum, Fraction V",70024-90-7,S,10g,P,,+4.45 fridge,
NHS-activated Sepharose 4 Fast Flow,17-0906-01,L,25ml,P,,+4.45 fridge,
Staphylococcus aureus V-8 Protease,66676-43-5,S,,G,,+4.45 fridge,
Pierce CDI-Agarose,67-64-1,L,10ml,G,,+4.45 fridge,
"D-Glucose- 13C6, 99 atom % 13C",110187-42-3,S,3g,G,two of these,+4.45 fridge,
"Histone from calf thymus, Type II-A",9014-81-7,S,100mg,P,,+4.45 fridge,
"Fetuin, From Fetal Calf Serum",70024-90-7,S,100mg,P,,+4.45 fridge,
"Albumin from human serum, 96-99%",,S,500mg,P,,+4.45 fridge,
Hydrazide-Modified Magnetic Beads,,S,1ml,P,two of these,+4.45 fridge,
Nitrotetrazolin Blue chloride,298-83-9,S,100mg,P,two of these,+4.45 fridge,
8M Guanidine Hydrochloride,50-01-1,L,200ml,G,,+4.45 fridge,
2-Mercaptoethanol,60-24-2,L,100g,G,,+4.45 fridge,
Triethylammonium bicarbonate buffer,15715-58-9,L,100ml,G,,+4.45 fridge,
"Methyl 4-chlorobutyrate, 98+%",3153-37-5,L,100g,G,,+4.45 fridge,
Ni-NTA Agarose,,L,25ml,P,two of these,+4.45 fridge,
MTT Reagent,,L,25ml,P,,+4.45 fridge,
Beta-Mercaptoethanol,60-24-2,,2ml,P,,+4.45 fridge,
(3-Mercaptopropyl)trimethoxysilane,4420-74-0,L,25g,G,,+4.45 fridge,
Myoglobin,100684-32-0,S,1g,G,,+4.45 fridge,
"3-Maleimidopropionic acid, 97%",7423-55-4,S,250mg,G,,+4.45 fridge,
"Methyl sulfide, 99+%",74-18-3,L,25ml,G,,+4.45 fridge,
"Total Protein Kit, Micro Pyrogallol Red Method",,,,,in a box,+4.45 fridge,
Pierce ECL Western Blotting Substrate,,,,,in a box,+4.45 fridge,
Ni-NTA Magnetic Agarose Beads,,,,,in a box,+4.45 fridge,
Alpha-Cyano-4-Hydroxycinnamic Acid,,,,,in a box,+4.45 fridge,
Formic Acid,64-18-6,L,1L,P,,+4.45 fridge,
Affi-Prep Hz Hydrazide Support,67-63-0,L,500ml,P,,+4.45 fridge,
Fluoraldehyde o-Phthalaldehyde,643-79-8,L,945ml,P,,+4.45 fridge,
"Total Protein Reagent, Micro Pyrogallol Red Method",,L,120ml,P,,+4.45 fridge,
Mydrogen Peroxide,7722-84-1,L,100ml,P,,+4.45 fridge,
DL-Glyceraldehyde,56-82-6,S,5g,G,,+4.45 fridge,
HOBt,01-62-0008,S,25g,P,,+4.45 fridge,
HisPur Cobalt Resin,,L,10ml,P,,+4.45 fridge,
His-Select Cobalt Affinity Gel,,L,5ml,P,,+4.45 fridge,
Hydroxylamine,7803-49-8,L,50ml,P,,+4.45 fridge,
"L-Glutamic acid S-methyl ester, 99%",1499-55-4,S,5g,G,,+4.45 fridge,
Iodoacetamide,144-48-9,S,10g,G,,+4.45 fridge,
Iodoacetamide,144-48-9,S,10g,G,,+4.45 fridge,
Hydroxyurea,127-07-1,S,5g,P,,+4.45 fridge,
Lysozyme,12650-88-3,,1g,P,,+4.45 fridge,
HIS-Select Nickel Magnetic Agarose Beads,,L,5mg,G,,+4.45 fridge,
Hydrazide Resin w/IPA,,L,,P,,+4.45 fridge,
Silver 6 Nitrate,,L,,P,,+4.45 fridge,
Endoproteinase Lys-C Sequencing Grade,,,,,"two of these, in a box",+4.45 fridge,
Pierce Detergent Removal Spin Columns,,,,,in a box,+4.45 fridge,
Waters MS Leucine Enkephalin Kit,,,,,in a box,+4.45 fridge,
Glycoprotein Binding buffer SB 30 mL,,L,,P,in a box,+4.45 fridge,
Phenol:ChCl3:IAA,,L,100ml,G,,+4.45 fridge,
Phos-tag Agarose,,,3ml,,in a box,+4.45 fridge,
"Propargyl bromide, 80 wt. % solution in toluene",,L,50g,G,,+4.45 fridge,
Polyethylene glycol,25322-68-3,L,500g,G,,+4.45 fridge,
"Pierce Detergent Removal Spin Columns, 2mL",,,,,in a box,+4.45 fridge,
Phenylmethanesulfonyl fluoride Solution,329-98-6,L,50ml,G,,+4.45 fridge,
Paraformaldehyde,30525-89-4,S,500g,P,,+4.45 fridge,
Reserpine 6.167 pmole/uL,,L,,P,,+4.45 fridge,
L-Tyrosine,60-18-4,S,50g,P,,+4.45 fridge,
TRIzol Reagent,,L,200ml,G,,+4.45 fridge,
Tris-Acetate SDS Running Buffer,,L,500ml,P,,+4.45 fridge,
Sigmacote,,L,100ml,G,,+4.45 fridge,
TRIzol LS Reagent,,L,100ml,G,,+4.45 fridge,
HPLC Grade 2M Triethylamine Acetate,,L,200ml,G,two of these,+4.45 fridge,
Trichloroacetic acid,76-03-9,L,100g,G,,+4.45 fridge,
Tetramethylammonium triacetoxyborohydride,109704-53-2,S,10g,G,,+4.45 fridge,
(+)-Sodium L-ascorbate,134-03-2,S,25g,P,,+4.45 fridge,
Z-Lys-OMe HCl,,S,5g,P,,+4.45 fridge,
NHS-activated Sepharose 4 Fast Flow,17-0906-01,L,25ml,P,in a box,+4.45 fridge,
SYBR Safe DNA gel stain,,,400ul,,,+4.45 fridge,
Activated Thiol Sepharose 4B,17-0640-01,S,15g,P,,+4.45 fridge,
"SIGMAFAST Protease Inhibitor Cocktail Tablets, EDTA-free",,S,20 tablets,P,,+4.45 fridge,
Thermolysin,,S,250mg,G,,+4.45 fridge,
Squalene,111-02-4,L,10ml,G,,+4.45 fridge,
Subtilisin,,S,250mg,G,,+4.45 fridge,
SILAC Amino Acids,,,bag of 5,,,+4.45 fridge,
Isopropyl beta-D-1-thiogalactopyranoside,367-93-1,S,1g,G,three of these,+4.45 fridge,
TSKgel Column Boronate-5PW,,,,,in a box,+4.45 fridge,
Dyrabeads M-270 Streptavidin,,L,,G,in a box,+4.45 fridge,